{
  "IsEncrypted": false,
  "Values": {
    "AzureWebJobsStorage": "DefaultEndpointsProtocol=https;AccountName=rglearningaz95d1;AccountKey=gHuXDmS3PP6ExWt8SkVcV7icixTdq0ppdsEInWmZX3reUzfruw3WBkyMIZ075HAOHXQjomh0lkdI+ASt3NJFiw==;EndpointSuffix=core.windows.net",
    "FUNCTIONS_WORKER_RUNTIME": "python",
    "rglearningaz95d1_STORAGE": "DefaultEndpointsProtocol=https;AccountName=rglearningaz95d1;AccountKey=gHuXDmS3PP6ExWt8SkVcV7icixTdq0ppdsEInWmZX3reUzfruw3WBkyMIZ075HAOHXQjomh0lkdI+ASt3NJFiw==;EndpointSuffix=core.windows.net"
  }
}